{
  "logica_base": 932612.8410343786,
  "strategy_AutoTrader": 932612.8410343786
}