{
  "logica_base": 120238.48612201128,
  "strategy_AutoTrader": 120238.48612201128
}