{
  "logica_base": 177405.0456841155,
  "strategy_AutoTrader": 177405.0456841155
}