{
  "logica_base": 160775.9150664611,
  "strategy_AutoTrader": 160775.9150664611
}