{
  "logica_base": 298901.7901918336,
  "strategy_AutoTrader": 298901.7901918336
}