{
  "logica_base": 15978.462635070691,
  "strategy_AutoTrader": 15978.462635070691
}