{
  "logica_base": 135285.6679886847,
  "strategy_AutoTrader": 135285.6679886847
}