{
  "logica_base": 173337.78973743232,
  "strategy_AutoTrader": 173337.78973743232
}