{
  "logica_base": 165734.70631503695,
  "strategy_AutoTrader": 165734.70631503695
}