{
  "logica_base": 178770.75529210945,
  "strategy_AutoTrader": 178770.75529210945
}