{
  "logica_base": 29731.092065046007,
  "strategy_AutoTrader": 29731.092065046007
}