{
  "logica_base": -453.7354753931009,
  "strategy_AutoTrader": -453.7354753931009
}