{
  "logica_base": 76125.57328666808,
  "strategy_AutoTrader": 76125.57328666808
}