{
  "logica_base": 126519.9294705305,
  "strategy_AutoTrader": 126519.9294705305
}