{
  "logica_base": 137859.83845047286,
  "strategy_AutoTrader": 137859.83845047286
}