{
  "logica_base": 797633.8536665585,
  "strategy_AutoTrader": 797633.8536665585
}