{
  "logica_base": 148636.81727060865,
  "strategy_AutoTrader": 148636.81727060865
}