{
  "logica_base": 939685.8171491046,
  "strategy_AutoTrader": 939685.8171491046
}