{
  "logica_base": 925046.035110432,
  "strategy_AutoTrader": 925046.035110432
}