{
  "logica_base": -1740.4693620692333,
  "strategy_AutoTrader": -1740.4693620692333
}