{
  "logica_base": -89.59977999999998,
  "strategy_AutoTrader": -89.59977999999998
}