{
  "logica_base": 129658.0305796021,
  "strategy_AutoTrader": 129658.0305796021
}